"Origin Movement ID","Origin Display Name","Destination Movement ID","Destination Display Name","Date Range","Mean Travel Time (Seconds)","Range - Lower Bound Travel Time (Seconds)","Range - Upper Bound Travel Time (Seconds)"
"186","20001, Northwest Washington, Washington","1","5400 Arnold Avenue Southwest, Southwest Washington, Washington","3/3/2018 - 3/3/2018, Every day, Daily Average",676,495,923
"186","20001, Northwest Washington, Washington","2","1400 Juniper Street Northwest, Northwest Washington, Washington","3/3/2018 - 3/3/2018, Every day, Daily Average",1601,1338,1915
"186","20001, Northwest Washington, Washington","3","4800 Canal Road Northwest, Northwest Washington, Washington","3/3/2018 - 3/3/2018, Every day, Daily Average",1176,952,1451
"186","20001, Northwest Washington, Washington","4","2700 Unicorn Lane Northwest, Northwest Washington, Washington","3/3/2018 - 3/3/2018, Every day, Daily Average",1709,1463,1996
"186","20001, Northwest Washington, Washington","5","4500 Q Place Northwest, Northwest Washington, Washington","3/3/2018 - 3/3/2018, Every day, Daily Average",1001,755,1325
"186","20001, Northwest Washington, Washington","6","Ridge Road Northwest, Northwest Washington, Washington","3/3/2018 - 3/3/2018, Every day, Daily Average",1441,1166,1779
"186","20001, Northwest Washington, Washington","7","4500 Ohio Drive Southwest, Southwest Washington, Washington","3/3/2018 - 3/3/2018, Every day, Daily Average",272,141,523
"186","20001, Northwest Washington, Washington","8","0 H Street Northwest, Northwest Washington, Washington","3/3/2018 - 3/3/2018, Every day, Daily Average",198,84,462
"186","20001, Northwest Washington, Washington","9","1800 Upshur Street Northwest, Northwest Washington, Washington","3/3/2018 - 3/3/2018, Every day, Daily Average",1169,900,1517
"186","20001, Northwest Washington, Washington","10","1500 30th Street Northwest, Northwest Washington, Washington","3/3/2018 - 3/3/2018, Every day, Daily Average",696,488,992
"186","20001, Northwest Washington, Washington","11","1600 Tuckerman Street Northwest, Northwest Washington, Washington","3/3/2018 - 3/3/2018, Every day, Daily Average",1478,1186,1841
"186","20001, Northwest Washington, Washington","13","2100 Monticello Court, Fort Washington","3/3/2018 - 3/3/2018, Every day, Daily Average",1685,1190,2385
"186","20001, Northwest Washington, Washington","14","0 Hesketh Street, Chevy Chase","3/3/2018 - 3/3/2018, Every day, Daily Average",1721,1408,2102
"186","20001, Northwest Washington, Washington","15","8100 Roanoke Avenue, Takoma Park","3/3/2018 - 3/3/2018, Every day, Daily Average",2226,1839,2693
"186","20001, Northwest Washington, Washington","16","8800 Walden Road, Silver Spring","3/3/2018 - 3/3/2018, Every day, Daily Average",2346,2015,2730
"186","20001, Northwest Washington, Washington","17","8300 Colesville Road, Downtown Silver Spring, Silver Spring","3/3/2018 - 3/3/2018, Every day, Daily Average",1744,1452,2094
"186","20001, Northwest Washington, Washington","18","8900 Moreland Lane, Annandale","3/3/2018 - 3/3/2018, Every day, Daily Average",1337,1135,1574
"186","20001, Northwest Washington, Washington","19","Thomas Avenue, Arlington","3/3/2018 - 3/3/2018, Every day, Daily Average",575,415,794
"186","20001, Northwest Washington, Washington","20","McClellan Drive, Arlington","3/3/2018 - 3/3/2018, Every day, Daily Average",482,323,717
"186","20001, Northwest Washington, Washington","21","3600 North Vernon Street, Old Glebe, Arlington","3/3/2018 - 3/3/2018, Every day, Daily Average",977,753,1266
"186","20001, Northwest Washington, Washington","22","6500 Park View Court, West Springfield","3/3/2018 - 3/3/2018, Every day, Daily Average",1461,1223,1745
"186","20001, Northwest Washington, Washington","23","6500 Bellamine Court, McLean","3/3/2018 - 3/3/2018, Every day, Daily Average",1145,918,1428
"186","20001, Northwest Washington, Washington","24","8600 Brook Road, McLean","3/3/2018 - 3/3/2018, Every day, Daily Average",1445,1176,1774
"186","20001, Northwest Washington, Washington","25","8200 Mockingbird Drive, Annandale","3/3/2018 - 3/3/2018, Every day, Daily Average",1525,1086,2140
"186","20001, Northwest Washington, Washington","26","9400 Pamlico Lane, Great Falls","3/3/2018 - 3/3/2018, Every day, Daily Average",1379,1083,1754
"186","20001, Northwest Washington, Washington","27","6200 Everglades Drive, Alexandria","3/3/2018 - 3/3/2018, Every day, Daily Average",1230,993,1522
"186","20001, Northwest Washington, Washington","28","2100 North Scott Street, North Highland, Arlington","3/3/2018 - 3/3/2018, Every day, Daily Average",706,517,962
"186","20001, Northwest Washington, Washington","29","700 Carpenter Road, Potomac Yard, Alexandria","3/3/2018 - 3/3/2018, Every day, Daily Average",794,602,1046
"186","20001, Northwest Washington, Washington","30","0 Auburn Court, Potomac West, Alexandria","3/3/2018 - 3/3/2018, Every day, Daily Average",927,716,1199
"186","20001, Northwest Washington, Washington","31","1000 C Street Northeast, Northeast Washington, Washington","3/3/2018 - 3/3/2018, Every day, Daily Average",666,528,839
"186","20001, Northwest Washington, Washington","32","2600 13th Street Northwest, Northwest Washington, Washington","3/3/2018 - 3/3/2018, Every day, Daily Average",771,581,1021
"186","20001, Northwest Washington, Washington","33","4400 E Street Southeast, Benning Ridge, Washington","3/3/2018 - 3/3/2018, Every day, Daily Average",1344,989,1825
"186","20001, Northwest Washington, Washington","34","1700 Independence Avenue Southeast, Southeast Washington, Washington","3/3/2018 - 3/3/2018, Every day, Daily Average",884,720,1084
"186","20001, Northwest Washington, Washington","35","2100 1st Street Northwest, Northwest Washington, Washington","3/3/2018 - 3/3/2018, Every day, Daily Average",765,555,1054
"186","20001, Northwest Washington, Washington","36","500 17th Street Northeast, Northeast Washington, Washington","3/3/2018 - 3/3/2018, Every day, Daily Average",933,738,1178
"186","20001, Northwest Washington, Washington","37","3500 Toledo Terrace, Chillum","3/3/2018 - 3/3/2018, Every day, Daily Average",2031,1703,2421
"186","20001, Northwest Washington, Washington","38","5300 Westport Road, Chevy Chase","3/3/2018 - 3/3/2018, Every day, Daily Average",1652,1366,1997
"186","20001, Northwest Washington, Washington","39","Woodrow Wilson Memorial Bridge, Old Town, Alexandria","3/3/2018 - 3/3/2018, Every day, Daily Average",1051,859,1285
"186","20001, Northwest Washington, Washington","40","6000 Rixey Drive, Fair Haven, Alexandria","3/3/2018 - 3/3/2018, Every day, Daily Average",1287,1020,1623
"186","20001, Northwest Washington, Washington","41","2000 Rosedale Street Northeast, Northeast Washington, Washington","3/3/2018 - 3/3/2018, Every day, Daily Average",1042,833,1302
"186","20001, Northwest Washington, Washington","42","4200 10th Street Northeast, Northeast Washington, Washington","3/3/2018 - 3/3/2018, Every day, Daily Average",1132,866,1478
"186","20001, Northwest Washington, Washington","43","900 Randolph Street Northwest, Northwest Washington, Washington","3/3/2018 - 3/3/2018, Every day, Daily Average",1093,844,1414
"186","20001, Northwest Washington, Washington","44","1200 New Jersey Avenue Southeast, Southeast Washington, Washington","3/3/2018 - 3/3/2018, Every day, Daily Average",473,333,670
"186","20001, Northwest Washington, Washington","45","0 L Place Northwest, Northwest Washington, Washington","3/3/2018 - 3/3/2018, Every day, Daily Average",222,91,539
"186","20001, Northwest Washington, Washington","46","1900 Anacostia Drive, Southeast Washington, Washington","3/3/2018 - 3/3/2018, Every day, Daily Average",706,517,962
"186","20001, Northwest Washington, Washington","47","0 S Street Northwest, Northwest Washington, Washington","3/3/2018 - 3/3/2018, Every day, Daily Average",641,460,892
"186","20001, Northwest Washington, Washington","48","3500 Commodore Joshua Barney Drive Northeast, Northeast Washington, Washington","3/3/2018 - 3/3/2018, Every day, Daily Average",974,701,1352
"186","20001, Northwest Washington, Washington","49","2700 10th Street Northeast, Northeast Washington, Washington","3/3/2018 - 3/3/2018, Every day, Daily Average",1053,808,1371
"186","20001, Northwest Washington, Washington","50","5700 Chevy Chase Parkway Northwest, Northwest Washington, Washington","3/3/2018 - 3/3/2018, Every day, Daily Average",1677,1398,2011
"186","20001, Northwest Washington, Washington","51","1300 Underwood Street Northwest, Northwest Washington, Washington","3/3/2018 - 3/3/2018, Every day, Daily Average",1552,1239,1942
"186","20001, Northwest Washington, Washington","52","200 Quackenbos Street Northwest, Northwest Washington, Washington","3/3/2018 - 3/3/2018, Every day, Daily Average",1269,857,1877
"186","20001, Northwest Washington, Washington","53","600 Atlantic Street Southeast, Southeast Washington, Washington","3/3/2018 - 3/3/2018, Every day, Daily Average",965,725,1282
"186","20001, Northwest Washington, Washington","54","3300 Clay Street Northeast, Northeast Washington, Washington","3/3/2018 - 3/3/2018, Every day, Daily Average",837,617,1134
"186","20001, Northwest Washington, Washington","55","500 Q Street Northwest, Northwest Washington, Washington","3/3/2018 - 3/3/2018, Every day, Daily Average",433,276,677
"186","20001, Northwest Washington, Washington","56","Center Leg Freeway, Southwest Washington, Washington","3/3/2018 - 3/3/2018, Every day, Daily Average",391,268,569
"186","20001, Northwest Washington, Washington","57","600 Edgewood Street Northeast, Northeast Washington, Washington","3/3/2018 - 3/3/2018, Every day, Daily Average",854,648,1124
"186","20001, Northwest Washington, Washington","58","3100 13th Street Northwest, Northwest Washington, Washington","3/3/2018 - 3/3/2018, Every day, Daily Average",935,710,1230
"186","20001, Northwest Washington, Washington","59","2800 45th Street Northwest, Northwest Washington, Washington","3/3/2018 - 3/3/2018, Every day, Daily Average",1193,891,1596
"186","20001, Northwest Washington, Washington","60","3200 Dubois Place Southeast, Southeast Washington, Washington","3/3/2018 - 3/3/2018, Every day, Daily Average",810,585,1121
"186","20001, Northwest Washington, Washington","61","1400 15th Street Northwest, Northwest Washington, Washington","3/3/2018 - 3/3/2018, Every day, Daily Average",401,253,633
"186","20001, Northwest Washington, Washington","62","1800 W Street Southeast, Southeast Washington, Washington","3/3/2018 - 3/3/2018, Every day, Daily Average",962,746,1239
"186","20001, Northwest Washington, Washington","63","4400 40th Street, Brentwood","3/3/2018 - 3/3/2018, Every day, Daily Average",1396,1088,1790
"186","20001, Northwest Washington, Washington","64","1800 Ontario Place Northwest, Northwest Washington, Washington","3/3/2018 - 3/3/2018, Every day, Daily Average",1046,778,1404
"186","20001, Northwest Washington, Washington","65","1900 15th Street Northwest, Northwest Washington, Washington","3/3/2018 - 3/3/2018, Every day, Daily Average",605,431,847
"186","20001, Northwest Washington, Washington","66","1400 K Street Northwest, Northwest Washington, Washington","3/3/2018 - 3/3/2018, Every day, Daily Average",199,90,436
"186","20001, Northwest Washington, Washington","67","900 Q Street Northwest, Northwest Washington, Washington","3/3/2018 - 3/3/2018, Every day, Daily Average",428,283,646
"186","20001, Northwest Washington, Washington","68","8800 Springfield Road, Laurel","3/3/2018 - 3/3/2018, Every day, Daily Average",1608,1248,2070
"186","20001, Northwest Washington, Washington","69","12500 Farm Road, Greater Upper Marlboro, Upper Marlboro","3/3/2018 - 3/3/2018, Every day, Daily Average",1716,1362,2161
"186","20001, Northwest Washington, Washington","70","3600 Anton Terrace, District Heights","3/3/2018 - 3/3/2018, Every day, Daily Average",1586,1227,2048
"186","20001, Northwest Washington, Washington","71","5600 Somerset House II, Wisconsin Avenue, Chevy Chase","3/3/2018 - 3/3/2018, Every day, Daily Average",1689,1405,2029
"186","20001, Northwest Washington, Washington","72","4900 Hampden Lane, Bethesda","3/3/2018 - 3/3/2018, Every day, Daily Average",1928,1584,2345
"186","20001, Northwest Washington, Washington","73","3300 Chillum Road, Mount Rainier","3/3/2018 - 3/3/2018, Every day, Daily Average",1476,1181,1843
"186","20001, Northwest Washington, Washington","74","11100 Rodeo Court, Upper Marlboro","3/3/2018 - 3/3/2018, Every day, Daily Average",1729,1368,2185
"186","20001, Northwest Washington, Washington","75","4900 Blackfoot Road, Hollywood, College Park","3/3/2018 - 3/3/2018, Every day, Daily Average",1964,1507,2558
"186","20001, Northwest Washington, Washington","76","7300 16th Place, Hyattsville","3/3/2018 - 3/3/2018, Every day, Daily Average",2019,1501,2714
"186","20001, Northwest Washington, Washington","77","3200 Donnell Drive, Forestville","3/3/2018 - 3/3/2018, Every day, Daily Average",1527,1116,2089
"186","20001, Northwest Washington, Washington","78","5000 Roseld Court, Oxon Hill","3/3/2018 - 3/3/2018, Every day, Daily Average",1146,883,1486
"186","20001, Northwest Washington, Washington","79","2200 Washington Avenue, Silver Spring","3/3/2018 - 3/3/2018, Every day, Daily Average",1698,1381,2087
"186","20001, Northwest Washington, Washington","80","3100 West Avenue, District Heights","3/3/2018 - 3/3/2018, Every day, Daily Average",1606,1215,2122
"186","20001, Northwest Washington, Washington","81","1600 Nova Avenue, Capitol Heights","3/3/2018 - 3/3/2018, Every day, Daily Average",1224,898,1667
"186","20001, Northwest Washington, Washington","82","2000 South Eads Street, Crystal City, Arlington","3/3/2018 - 3/3/2018, Every day, Daily Average",648,454,923
"186","20001, Northwest Washington, Washington","83","500 Ethan Allen Avenue, Takoma Park","3/3/2018 - 3/3/2018, Every day, Daily Average",1651,1253,2175
"186","20001, Northwest Washington, Washington","84","7700 Oxman Road, Hyattsville","3/3/2018 - 3/3/2018, Every day, Daily Average",1447,1151,1818
"186","20001, Northwest Washington, Washington","85","100 Lakeside Drive, Greenbelt","3/3/2018 - 3/3/2018, Every day, Daily Average",1586,1256,2002
"186","20001, Northwest Washington, Washington","86","9100 Fairview Road, Silver Spring","3/3/2018 - 3/3/2018, Every day, Daily Average",1987,1687,2340
"186","20001, Northwest Washington, Washington","87","7600 Greenbrook Drive, Greenbelt","3/3/2018 - 3/3/2018, Every day, Daily Average",1396,1090,1787
"186","20001, Northwest Washington, Washington","88","5000 Newport Avenue, Bethesda","3/3/2018 - 3/3/2018, Every day, Daily Average",1467,1156,1861
"186","20001, Northwest Washington, Washington","89","10000 Oaklyn Drive, Potomac","3/3/2018 - 3/3/2018, Every day, Daily Average",1417,1166,1721
"186","20001, Northwest Washington, Washington","90","11400 Macarthur Boulevard Northwest, Potomac","3/3/2018 - 3/3/2018, Every day, Daily Average",1344,1084,1666
"186","20001, Northwest Washington, Washington","91","6400 Walhonding Road, Bethesda","3/3/2018 - 3/3/2018, Every day, Daily Average",1371,1127,1667
"186","20001, Northwest Washington, Washington","92","3100 North Nelson Street, Bellevue Forest, Arlington","3/3/2018 - 3/3/2018, Every day, Daily Average",821,618,1089
"186","20001, Northwest Washington, Washington","93","6400 Vale Street, Alexandria","3/3/2018 - 3/3/2018, Every day, Daily Average",1052,789,1401
"186","20001, Northwest Washington, Washington","94","6300 8th Circle, Alexandria","3/3/2018 - 3/3/2018, Every day, Daily Average",930,726,1191
"186","20001, Northwest Washington, Washington","95","1800 South Stafford Street, Douglas Park, Arlington","3/3/2018 - 3/3/2018, Every day, Daily Average",904,695,1175
"186","20001, Northwest Washington, Washington","96","7300 Beverly Street, Annandale","3/3/2018 - 3/3/2018, Every day, Daily Average",1488,1179,1876
"186","20001, Northwest Washington, Washington","97","5500 Jowett Court, Alexandria","3/3/2018 - 3/3/2018, Every day, Daily Average",1565,1194,2049
"186","20001, Northwest Washington, Washington","98","1600 13th Road South, Arlington Views, Arlington","3/3/2018 - 3/3/2018, Every day, Daily Average",544,393,752
"186","20001, Northwest Washington, Washington","100","1200 Oronoco Street, Old Town West, Alexandria","3/3/2018 - 3/3/2018, Every day, Daily Average",952,748,1211
"186","20001, Northwest Washington, Washington","101","100 South Fayette Street, Old Town, Alexandria","3/3/2018 - 3/3/2018, Every day, Daily Average",1093,847,1408
"186","20001, Northwest Washington, Washington","102","3700 South George Mason Drive, Falls Church","3/3/2018 - 3/3/2018, Every day, Daily Average",955,724,1258
"186","20001, Northwest Washington, Washington","103","600 South Ball Street, Crystal City, Arlington","3/3/2018 - 3/3/2018, Every day, Daily Average",495,333,734
"186","20001, Northwest Washington, Washington","104","2500 Jackson Parkway, Vienna","3/3/2018 - 3/3/2018, Every day, Daily Average",1398,1079,1810
"186","20001, Northwest Washington, Washington","105","Dwight D. Eisenhower Southwest Freeway, Southwest Washington, Washington","3/3/2018 - 3/3/2018, Every day, Daily Average",323,204,510
"186","20001, Northwest Washington, Washington","106","5800 Cameron Run Terrace, Alexandria","3/3/2018 - 3/3/2018, Every day, Daily Average",1253,980,1600
"186","20001, Northwest Washington, Washington","107","4000 Ellicott Street, Seminary Hill, Alexandria","3/3/2018 - 3/3/2018, Every day, Daily Average",761,570,1015
"186","20001, Northwest Washington, Washington","108","100 57th Place Southeast, Southeast Washington, Washington","3/3/2018 - 3/3/2018, Every day, Daily Average",1415,1135,1762
"186","20001, Northwest Washington, Washington","109","7200 Wesley Road, Springfield","3/3/2018 - 3/3/2018, Every day, Daily Average",1230,913,1655
"186","20001, Northwest Washington, Washington","110","800 West Braddock Road, Rosemont, Alexandria","3/3/2018 - 3/3/2018, Every day, Daily Average",987,733,1327
"186","20001, Northwest Washington, Washington","111","Perimeter East Road Southwest, Southwest Washington, Washington","3/3/2018 - 3/3/2018, Every day, Daily Average",851,673,1074
"186","20001, Northwest Washington, Washington","112","Willow Street Southeast, Southeast Washington, Washington","3/3/2018 - 3/3/2018, Every day, Daily Average",660,504,862
"186","20001, Northwest Washington, Washington","113","400 50th Street Southeast, Southeast Washington, Washington","3/3/2018 - 3/3/2018, Every day, Daily Average",1356,1073,1713
"186","20001, Northwest Washington, Washington","114","5300 Call Place Southeast, Southeast Washington, Washington","3/3/2018 - 3/3/2018, Every day, Daily Average",1456,1140,1858
"186","20001, Northwest Washington, Washington","115","4700 B Street Southeast, Southeast Washington, Washington","3/3/2018 - 3/3/2018, Every day, Daily Average",1314,1031,1673
"186","20001, Northwest Washington, Washington","116","100 Jefferson Street Northwest, Northwest Washington, Washington","3/3/2018 - 3/3/2018, Every day, Daily Average",1189,887,1593
"186","20001, Northwest Washington, Washington","117","4800 Illinois Avenue Northwest, Northwest Washington, Washington","3/3/2018 - 3/3/2018, Every day, Daily Average",1238,964,1588
"186","20001, Northwest Washington, Washington","118","100 Emerson Street Northwest, Northwest Washington, Washington","3/3/2018 - 3/3/2018, Every day, Daily Average",1107,826,1481
"186","20001, Northwest Washington, Washington","119","200 10th Street Southeast, Southeast Washington, Washington","3/3/2018 - 3/3/2018, Every day, Daily Average",765,595,983
"186","20001, Northwest Washington, Washington","120","300 Varnum Street Northwest, Northwest Washington, Washington","3/3/2018 - 3/3/2018, Every day, Daily Average",1180,901,1545
"186","20001, Northwest Washington, Washington","121","0 T Street Southwest, Southwest Washington, Washington","3/3/2018 - 3/3/2018, Every day, Daily Average",516,367,724
"186","20001, Northwest Washington, Washington","122","100 E Street Southeast, Southeast Washington, Washington","3/3/2018 - 3/3/2018, Every day, Daily Average",436,305,622
"186","20001, Northwest Washington, Washington","123","600 Independence Avenue Southeast, Southeast Washington, Washington","3/3/2018 - 3/3/2018, Every day, Daily Average",591,455,767
"186","20001, Northwest Washington, Washington","124","1400 4th Street Southwest, Southwest Washington, Washington","3/3/2018 - 3/3/2018, Every day, Daily Average",477,335,677
"186","20001, Northwest Washington, Washington","125","1600 D Street Southeast, Southeast Washington, Washington","3/3/2018 - 3/3/2018, Every day, Daily Average",773,514,1160
"186","20001, Northwest Washington, Washington","126","2300 Hartford Street Southeast, Southeast Washington, Washington","3/3/2018 - 3/3/2018, Every day, Daily Average",1136,815,1581
"186","20001, Northwest Washington, Washington","127","1300 E Street Northeast, Northeast Washington, Washington","3/3/2018 - 3/3/2018, Every day, Daily Average",774,615,973
"186","20001, Northwest Washington, Washington","128","3500 19th Street Southeast, Southeast Washington, Washington","3/3/2018 - 3/3/2018, Every day, Daily Average",1095,841,1424
"186","20001, Northwest Washington, Washington","129","800 51st Street Northeast, Northeast Washington, Washington","3/3/2018 - 3/3/2018, Every day, Daily Average",1062,785,1435
"186","20001, Northwest Washington, Washington","130","3800 22nd Street Northeast, Northeast Washington, Washington","3/3/2018 - 3/3/2018, Every day, Daily Average",1288,1000,1657
"186","20001, Northwest Washington, Washington","131","200 Taylor Street Northeast, Northeast Washington, Washington","3/3/2018 - 3/3/2018, Every day, Daily Average",996,760,1304
"186","20001, Northwest Washington, Washington","132","1600 Buchanan Street Northeast, Northeast Washington, Washington","3/3/2018 - 3/3/2018, Every day, Daily Average",1270,990,1628
"186","20001, Northwest Washington, Washington","133","200 Oneida Street Northeast, Northeast Washington, Washington","3/3/2018 - 3/3/2018, Every day, Daily Average",1275,983,1652
"186","20001, Northwest Washington, Washington","134","1400 Allison Street Northwest, Northwest Washington, Washington","3/3/2018 - 3/3/2018, Every day, Daily Average",1184,928,1510
"186","20001, Northwest Washington, Washington","135","Scale Gate Road Northeast, Northwest Washington, Washington","3/3/2018 - 3/3/2018, Every day, Daily Average",929,682,1263
"186","20001, Northwest Washington, Washington","136","700 Taylor Street Northwest, Northwest Washington, Washington","3/3/2018 - 3/3/2018, Every day, Daily Average",1081,828,1410
"186","20001, Northwest Washington, Washington","137","1700 Willard Street Northwest, Northwest Washington, Washington","3/3/2018 - 3/3/2018, Every day, Daily Average",685,489,958
"186","20001, Northwest Washington, Washington","138","500 8th Street Southeast, Southeast Washington, Washington","3/3/2018 - 3/3/2018, Every day, Daily Average",530,376,745
"186","20001, Northwest Washington, Washington","139","1400 Southeast Boulevard, Southeast Washington, Washington","3/3/2018 - 3/3/2018, Every day, Daily Average",518,372,719
"186","20001, Northwest Washington, Washington","140","400 14th Street Southeast, Southeast Washington, Washington","3/3/2018 - 3/3/2018, Every day, Daily Average",715,514,994
"186","20001, Northwest Washington, Washington","141","600 Nicholson Street Northeast, Northeast Washington, Washington","3/3/2018 - 3/3/2018, Every day, Daily Average",1408,1078,1838
"186","20001, Northwest Washington, Washington","142","100 Ingraham Street Northeast, Northeast Washington, Washington","3/3/2018 - 3/3/2018, Every day, Daily Average",1179,905,1535
"186","20001, Northwest Washington, Washington","143","800 Delafield Street Northeast, Northeast Washington, Washington","3/3/2018 - 3/3/2018, Every day, Daily Average",1317,1066,1625
"186","20001, Northwest Washington, Washington","144","1700 19th Street Northwest, Northwest Washington, Washington","3/3/2018 - 3/3/2018, Every day, Daily Average",683,489,952
"186","20001, Northwest Washington, Washington","145","1100 Varney Street Southeast, Southeast Washington, Washington","3/3/2018 - 3/3/2018, Every day, Daily Average",1090,846,1402
"186","20001, Northwest Washington, Washington","146","3800 8th Street Southeast, Southeast Washington, Washington","3/3/2018 - 3/3/2018, Every day, Daily Average",995,736,1343
"186","20001, Northwest Washington, Washington","147","3400 17th Street Northwest, Northwest Washington, Washington","3/3/2018 - 3/3/2018, Every day, Daily Average",1065,812,1395
"186","20001, Northwest Washington, Washington","148","1400 Ogden Street Northwest, Northwest Washington, Washington","3/3/2018 - 3/3/2018, Every day, Daily Average",1085,838,1404
"186","20001, Northwest Washington, Washington","149","1400 Irving Street Northwest, Northwest Washington, Washington","3/3/2018 - 3/3/2018, Every day, Daily Average",936,702,1247
"186","20001, Northwest Washington, Washington","150","1200 13th Street Northwest, Northwest Washington, Washington","3/3/2018 - 3/3/2018, Every day, Daily Average",311,187,516
"186","20001, Northwest Washington, Washington","151","100 3rd Street Northeast, Northeast Washington, Washington","3/3/2018 - 3/3/2018, Every day, Daily Average",492,373,647
"186","20001, Northwest Washington, Washington","152","600 Acker Place Northeast, Northeast Washington, Washington","3/3/2018 - 3/3/2018, Every day, Daily Average",609,472,785
"186","20001, Northwest Washington, Washington","153","900 10th Street Northeast, Northeast Washington, Washington","3/3/2018 - 3/3/2018, Every day, Daily Average",711,522,966
"186","20001, Northwest Washington, Washington","154","200 M Street Northeast, Northeast Washington, Washington","3/3/2018 - 3/3/2018, Every day, Daily Average",488,325,732
"186","20001, Northwest Washington, Washington","155","100 T Street Northeast, Northeast Washington, Washington","3/3/2018 - 3/3/2018, Every day, Daily Average",691,499,955
"186","20001, Northwest Washington, Washington","156","100 13th Street Northeast, Northeast Washington, Washington","3/3/2018 - 3/3/2018, Every day, Daily Average",811,638,1029
"186","20001, Northwest Washington, Washington","157","300 U Street Northeast, Northeast Washington, Washington","3/3/2018 - 3/3/2018, Every day, Daily Average",620,402,954
"186","20001, Northwest Washington, Washington","158","300 Burbank Street Southeast, Southeast Washington, Washington","3/3/2018 - 3/3/2018, Every day, Daily Average",1118,837,1492
"186","20001, Northwest Washington, Washington","159","1100 45th Place Southeast, Southeast Washington, Washington","3/3/2018 - 3/3/2018, Every day, Daily Average",1342,1017,1769
"186","20001, Northwest Washington, Washington","160","500 42nd Street Northeast, Northeast Washington, Washington","3/3/2018 - 3/3/2018, Every day, Daily Average",1104,791,1539
"186","20001, Northwest Washington, Washington","161","4900 Eads Place Northeast, Lincoln Heights, Washington","3/3/2018 - 3/3/2018, Every day, Daily Average",1186,910,1544
"186","20001, Northwest Washington, Washington","162","800 Washburn Arts Center, Florida Avenue Northeast, Northeast Washington, Washington","3/3/2018 - 3/3/2018, Every day, Daily Average",674,459,988
"186","20001, Northwest Washington, Washington","163","1300 Mount Olivet Road Northeast, Northeast Washington, Washington","3/3/2018 - 3/3/2018, Every day, Daily Average",844,607,1172
"186","20001, Northwest Washington, Washington","164","1700 Lang Place Northeast, Northeast Washington, Washington","3/3/2018 - 3/3/2018, Every day, Daily Average",913,714,1166
"186","20001, Northwest Washington, Washington","165","800 21st Street Northeast, Northeast Washington, Washington","3/3/2018 - 3/3/2018, Every day, Daily Average",934,732,1191
"186","20001, Northwest Washington, Washington","166","1300 Orren Street Northeast, Northeast Washington, Washington","3/3/2018 - 3/3/2018, Every day, Daily Average",775,563,1065
"186","20001, Northwest Washington, Washington","167","4100 1st Street Southeast, Southeast Washington, Washington","3/3/2018 - 3/3/2018, Every day, Daily Average",925,692,1235
"186","20001, Northwest Washington, Washington","168","1800 E Street Northeast, Northwest Washington, Washington","3/3/2018 - 3/3/2018, Every day, Daily Average",455,300,688
"186","20001, Northwest Washington, Washington","169","Meadow Road Northeast, Northeast Washington, Washington","3/3/2018 - 3/3/2018, Every day, Daily Average",932,663,1308
"186","20001, Northwest Washington, Washington","170","900 Brentwood Road Northeast, Northeast Washington, Washington","3/3/2018 - 3/3/2018, Every day, Daily Average",755,497,1145
"186","20001, Northwest Washington, Washington","171","4200 4th Street Southeast, Southeast Washington, Washington","3/3/2018 - 3/3/2018, Every day, Daily Average",1086,822,1434
"186","20001, Northwest Washington, Washington","172","700 55th Street Northeast, Northeast Washington, Washington","3/3/2018 - 3/3/2018, Every day, Daily Average",1345,1106,1634
"186","20001, Northwest Washington, Washington","173","4500 45th Street Northwest, Northwest Washington, Washington","3/3/2018 - 3/3/2018, Every day, Daily Average",1384,1094,1750
"186","20001, Northwest Washington, Washington","174","Massachusetts-39th Trail, Northwest Washington, Washington","3/3/2018 - 3/3/2018, Every day, Daily Average",1215,964,1530
"186","20001, Northwest Washington, Washington","175","2100 Lincoln Road Northeast, Northeast Washington, Washington","3/3/2018 - 3/3/2018, Every day, Daily Average",752,551,1025
"186","20001, Northwest Washington, Washington","176","4800 Meade Street Northeast, Deanwood, Washington","3/3/2018 - 3/3/2018, Every day, Daily Average",1130,837,1524
"186","20001, Northwest Washington, Washington","177","6000 Clay Street Northeast, Northeast Washington, Washington","3/3/2018 - 3/3/2018, Every day, Daily Average",1332,1101,1610
"186","20001, Northwest Washington, Washington","178","3100 Chancellor's Way Northeast, Northeast Washington, Washington","3/3/2018 - 3/3/2018, Every day, Daily Average",945,708,1259
"186","20001, Northwest Washington, Washington","179","1500 Kearny Street Northeast, Northeast Washington, Washington","3/3/2018 - 3/3/2018, Every day, Daily Average",1142,883,1475
"186","20001, Northwest Washington, Washington","180","5100 39th Street Northwest, Northwest Washington, Washington","3/3/2018 - 3/3/2018, Every day, Daily Average",1529,1208,1935
"186","20001, Northwest Washington, Washington","181","400 Butternut Street Northwest, Northwest Washington, Washington","3/3/2018 - 3/3/2018, Every day, Daily Average",1487,1168,1892
"186","20001, Northwest Washington, Washington","182","3600 Alton Place Northwest, Northwest Washington, Washington","3/3/2018 - 3/3/2018, Every day, Daily Average",1341,1055,1703
"186","20001, Northwest Washington, Washington","183","3300 6th Street Southeast, Southeast Washington, Washington","3/3/2018 - 3/3/2018, Every day, Daily Average",1040,824,1311
"186","20001, Northwest Washington, Washington","184","700 Fern Place Northwest, Northwest Washington, Washington","3/3/2018 - 3/3/2018, Every day, Daily Average",1547,1257,1903
"186","20001, Northwest Washington, Washington","185","700 Quackenbos Street Northwest, Northwest Washington, Washington","3/3/2018 - 3/3/2018, Every day, Daily Average",1518,1237,1862
"186","20001, Northwest Washington, Washington","186","20001, Northwest Washington, Washington","3/3/2018 - 3/3/2018, Every day, Daily Average",269,126,572
"186","20001, Northwest Washington, Washington","187","1600 13th Street Northwest, Northwest Washington, Washington","3/3/2018 - 3/3/2018, Every day, Daily Average",467,335,650
"186","20001, Northwest Washington, Washington","188","4200 Martin Luther King Junior Avenue Southwest, Southwest Washington, Washington","3/3/2018 - 3/3/2018, Every day, Daily Average",740,562,972
"186","20001, Northwest Washington, Washington","189","100 Wilmington Place Southeast, Southeast Washington, Washington","3/3/2018 - 3/3/2018, Every day, Daily Average",854,631,1153
"186","20001, Northwest Washington, Washington","190","900 M Street Northwest, Northwest Washington, Washington","3/3/2018 - 3/3/2018, Every day, Daily Average",236,91,607
"186","20001, Northwest Washington, Washington","191","1300 Gallatin Street Northwest, Northwest Washington, Washington","3/3/2018 - 3/3/2018, Every day, Daily Average",1275,1015,1600
"186","20001, Northwest Washington, Washington","192","5400 8th Street Northwest, Northwest Washington, Washington","3/3/2018 - 3/3/2018, Every day, Daily Average",1378,1087,1745
"186","20001, Northwest Washington, Washington","193","3500 13th Street Northwest, Northwest Washington, Washington","3/3/2018 - 3/3/2018, Every day, Daily Average",1062,791,1425
"186","20001, Northwest Washington, Washington","194","700 Lamont Street Northwest, Northwest Washington, Washington","3/3/2018 - 3/3/2018, Every day, Daily Average",914,691,1208
"186","20001, Northwest Washington, Washington","195","500 Lamont Street Northwest, Northwest Washington, Washington","3/3/2018 - 3/3/2018, Every day, Daily Average",926,677,1264
"186","20001, Northwest Washington, Washington","196","2400 5th Street Northwest, Northwest Washington, Washington","3/3/2018 - 3/3/2018, Every day, Daily Average",612,420,890
"186","20001, Northwest Washington, Washington","197","2400 Sherman Avenue Northwest, Northwest Washington, Washington","3/3/2018 - 3/3/2018, Every day, Daily Average",708,482,1038
"186","20001, Northwest Washington, Washington","198","0 Peluca Alley, Northwest Washington, Washington","3/3/2018 - 3/3/2018, Every day, Daily Average",743,540,1022
"186","20001, Northwest Washington, Washington","199","1700 Kalorama Road Northwest, Northwest Washington, Washington","3/3/2018 - 3/3/2018, Every day, Daily Average",846,611,1170
"186","20001, Northwest Washington, Washington","200","2400 20th Street Northwest, Northwest Washington, Washington","3/3/2018 - 3/3/2018, Every day, Daily Average",839,623,1128
"186","20001, Northwest Washington, Washington","201","1800 California Street Northwest, Northwest Washington, Washington","3/3/2018 - 3/3/2018, Every day, Daily Average",833,606,1143
"186","20001, Northwest Washington, Washington","202","1300 Talbert Terrace Southeast, Southeast Washington, Washington","3/3/2018 - 3/3/2018, Every day, Daily Average",923,658,1293
"186","20001, Northwest Washington, Washington","203","1100 Connecticut Avenue Northwest, Northwest Washington, Washington","3/3/2018 - 3/3/2018, Every day, Daily Average",458,296,706
"186","20001, Northwest Washington, Washington","204","Rafik B. Hariri Building, Northwest Washington, Washington","3/3/2018 - 3/3/2018, Every day, Daily Average",986,722,1345
"186","20001, Northwest Washington, Washington","205","4000 Highwood Court Northwest, Northwest Washington, Washington","3/3/2018 - 3/3/2018, Every day, Daily Average",1165,902,1504
"186","20001, Northwest Washington, Washington","206","0 Observatory Circle Northwest, Northwest Washington, Washington","3/3/2018 - 3/3/2018, Every day, Daily Average",1000,762,1310
"186","20001, Northwest Washington, Washington","207","4300 Ivymount Court, Annandale","3/3/2018 - 3/3/2018, Every day, Daily Average",1633,1240,2148
"186","20001, Northwest Washington, Washington","208","2800 Cathedral Avenue Northwest, Northwest Washington, Washington","3/3/2018 - 3/3/2018, Every day, Daily Average",1053,812,1364
"186","20001, Northwest Washington, Washington","209","1200 U Street Northwest, Northwest Washington, Washington","3/3/2018 - 3/3/2018, Every day, Daily Average",596,432,820
"186","20001, Northwest Washington, Washington","210","1400 1st Street Northwest, Northwest Washington, Washington","3/3/2018 - 3/3/2018, Every day, Daily Average",501,310,808
"186","20001, Northwest Washington, Washington","211","1200 5th Street Northwest, Northwest Washington, Washington","3/3/2018 - 3/3/2018, Every day, Daily Average",255,111,581
"186","20001, Northwest Washington, Washington","212","800 Howard Road Southeast, Southeast Washington, Washington","3/3/2018 - 3/3/2018, Every day, Daily Average",612,444,841
"186","20001, Northwest Washington, Washington","213","2000 Savannah Terrace Southeast, Southeast Washington, Washington","3/3/2018 - 3/3/2018, Every day, Daily Average",927,700,1227
"186","20001, Northwest Washington, Washington","214","3200 Highland Place Northwest, Northwest Washington, Washington","3/3/2018 - 3/3/2018, Every day, Daily Average",1170,913,1499
"186","20001, Northwest Washington, Washington","215","3800 Klingle Place Northwest, Northwest Washington, Washington","3/3/2018 - 3/3/2018, Every day, Daily Average",1107,860,1424
"186","20001, Northwest Washington, Washington","216","2600 39th Street Northwest, Northwest Washington, Washington","3/3/2018 - 3/3/2018, Every day, Daily Average",1250,946,1650
"186","20001, Northwest Washington, Washington","217","1500 Tobias Drive Southeast, Southeast Washington, Washington","3/3/2018 - 3/3/2018, Every day, Daily Average",842,633,1118
"186","20001, Northwest Washington, Washington","218","1700 Kenyon Street Northwest, Northwest Washington, Washington","3/3/2018 - 3/3/2018, Every day, Daily Average",987,745,1307
"186","20001, Northwest Washington, Washington","219","Groff Court Northeast, Northeast Washington, Washington","3/3/2018 - 3/3/2018, Every day, Daily Average",550,402,751
"186","20001, Northwest Washington, Washington","220","1400 Mississippi Avenue Southeast, Southeast Washington, Washington","3/3/2018 - 3/3/2018, Every day, Daily Average",1133,892,1438
"186","20001, Northwest Washington, Washington","221","1400 18th Place Southeast, Southeast Washington, Washington","3/3/2018 - 3/3/2018, Every day, Daily Average",577,414,803
"186","20001, Northwest Washington, Washington","222","900 26th Street Northwest, Northwest Washington, Washington","3/3/2018 - 3/3/2018, Every day, Daily Average",670,494,907
"186","20001, Northwest Washington, Washington","223","400 3rd Street Northwest, Northwest Washington, Washington","3/3/2018 - 3/3/2018, Every day, Daily Average",224,98,509
"186","20001, Northwest Washington, Washington","224","2400 Wagner Street Southeast, Southeast Washington, Washington","3/3/2018 - 3/3/2018, Every day, Daily Average",1015,814,1264
"186","20001, Northwest Washington, Washington","225","2200 Chester Street Southeast, Southeast Washington, Washington","3/3/2018 - 3/3/2018, Every day, Daily Average",877,635,1210
"186","20001, Northwest Washington, Washington","226","2800 Upton Street Northwest, Northwest Washington, Washington","3/3/2018 - 3/3/2018, Every day, Daily Average",1197,946,1514
"186","20001, Northwest Washington, Washington","227","2500 Pomeroy Road Southeast, Southeast Washington, Washington","3/3/2018 - 3/3/2018, Every day, Daily Average",997,702,1414
"186","20001, Northwest Washington, Washington","228","1200 24th Street Northwest, Northwest Washington, Washington","3/3/2018 - 3/3/2018, Every day, Daily Average",653,473,899
"186","20001, Northwest Washington, Washington","229","3900 Clay Place Northeast, Northeast Washington, Washington","3/3/2018 - 3/3/2018, Every day, Daily Average",1229,947,1594
"186","20001, Northwest Washington, Washington","230","0 Olmsted Walk, Northwest Washington, Washington","3/3/2018 - 3/3/2018, Every day, Daily Average",919,702,1202
"186","20001, Northwest Washington, Washington","231","4300 Russell Avenue, Mount Rainier","3/3/2018 - 3/3/2018, Every day, Daily Average",1431,1125,1818
"186","20001, Northwest Washington, Washington","232","5100 Rockwood Parkway Northwest, Northwest Washington, Washington","3/3/2018 - 3/3/2018, Every day, Daily Average",1351,1098,1660
"186","20001, Northwest Washington, Washington","233","600 10th Street Northeast, Northeast Washington, Washington","3/3/2018 - 3/3/2018, Every day, Daily Average",741,571,961
"186","20001, Northwest Washington, Washington","234","0 Discovery Communications, Discovery Place, Downtown Silver Spring, Silver Spring","3/3/2018 - 3/3/2018, Every day, Daily Average",1799,1506,2147
"186","20001, Northwest Washington, Washington","235","600 Anacostia Avenue Northeast, Northeast Washington, Washington","3/3/2018 - 3/3/2018, Every day, Daily Average",847,645,1112
"186","20001, Northwest Washington, Washington","236","0 Cleveland Avenue, Takoma Park","3/3/2018 - 3/3/2018, Every day, Daily Average",1864,1481,2344
"186","20001, Northwest Washington, Washington","237","1400 Montague Street Northwest, Northwest Washington, Washington","3/3/2018 - 3/3/2018, Every day, Daily Average",1377,1087,1742
"186","20001, Northwest Washington, Washington","238","3100 Erie Street Southeast, Southeast Washington, Washington","3/3/2018 - 3/3/2018, Every day, Daily Average",1064,798,1417
"186","20001, Northwest Washington, Washington","239","5400 30th Street Northwest, Northwest Washington, Washington","3/3/2018 - 3/3/2018, Every day, Daily Average",1598,1329,1920
"186","20001, Northwest Washington, Washington","240","1500 17th Street Northwest, Northwest Washington, Washington","3/3/2018 - 3/3/2018, Every day, Daily Average",503,327,771
"186","20001, Northwest Washington, Washington","241","3900 Massachusetts Avenue Southeast, Southeast Washington, Washington","3/3/2018 - 3/3/2018, Every day, Daily Average",1102,774,1567
"186","20001, Northwest Washington, Washington","242","5400 Duvall Drive, Bethesda","3/3/2018 - 3/3/2018, Every day, Daily Average",1514,1263,1814
"186","20001, Northwest Washington, Washington","243","1400 Anacostia Avenue Northeast, Northeast Washington, Washington","3/3/2018 - 3/3/2018, Every day, Daily Average",937,700,1253
"186","20001, Northwest Washington, Washington","244","1300 South Hayes Street, Aurora Highlands, Arlington","3/3/2018 - 3/3/2018, Every day, Daily Average",627,452,868
"186","20001, Northwest Washington, Washington","245","3300 M Street Northwest, Northwest Washington, Washington","3/3/2018 - 3/3/2018, Every day, Daily Average",893,666,1196
"186","20001, Northwest Washington, Washington","246","Anacostia Riverwalk Trail, Northeast Washington, Washington","3/3/2018 - 3/3/2018, Every day, Daily Average",1052,775,1427
"186","20001, Northwest Washington, Washington","247","5700 Marlboro Pike, District Heights","3/3/2018 - 3/3/2018, Every day, Daily Average",1445,1041,2004
"186","20001, Northwest Washington, Washington","248","2300 California Street Northwest, Northwest Washington, Washington","3/3/2018 - 3/3/2018, Every day, Daily Average",795,595,1062
"186","20001, Northwest Washington, Washington","249","3400 N Street Southeast, Southeast Washington, Washington","3/3/2018 - 3/3/2018, Every day, Daily Average",886,655,1197
"186","20001, Northwest Washington, Washington","250","3000 Oxon Park Street, Temple Hills","3/3/2018 - 3/3/2018, Every day, Daily Average",1065,808,1402
"186","20001, Northwest Washington, Washington","251","2900 Park Drive Southeast, Southeast Washington, Washington","3/3/2018 - 3/3/2018, Every day, Daily Average",796,580,1091
"186","20001, Northwest Washington, Washington","252","1900 23rd Street Southeast, Southeast Washington, Washington","3/3/2018 - 3/3/2018, Every day, Daily Average",904,718,1138
"186","20001, Northwest Washington, Washington","254","7700 Greentree Road, Bethesda","3/3/2018 - 3/3/2018, Every day, Daily Average",1530,1279,1829
"186","20001, Northwest Washington, Washington","255","4800 Del Ray Avenue, Woodmont Triangle, Bethesda","3/3/2018 - 3/3/2018, Every day, Daily Average",2062,1696,2506
"186","20001, Northwest Washington, Washington","256","6900 Arlington Road, Bethesda","3/3/2018 - 3/3/2018, Every day, Daily Average",1834,1532,2194
"186","20001, Northwest Washington, Washington","257","7700 Wisconsin Avenue, Bethesda","3/3/2018 - 3/3/2018, Every day, Daily Average",1939,1621,2318
"186","20001, Northwest Washington, Washington","259","6600 Peaceful Street, Clinton","3/3/2018 - 3/3/2018, Every day, Daily Average",1834,1372,2450
"186","20001, Northwest Washington, Washington","260","1900 Addison Road South, District Heights","3/3/2018 - 3/3/2018, Every day, Daily Average",1759,1341,2306
"186","20001, Northwest Washington, Washington","262","6900 Ames Street, Morningside","3/3/2018 - 3/3/2018, Every day, Daily Average",1343,1082,1666
"186","20001, Northwest Washington, Washington","263","1600 Tucker Road, Fort Washington","3/3/2018 - 3/3/2018, Every day, Daily Average",1361,1050,1763
"186","20001, Northwest Washington, Washington","264","4200 Wandering Court, Temple Hills","3/3/2018 - 3/3/2018, Every day, Daily Average",1233,959,1584
"186","20001, Northwest Washington, Washington","265","1800 Metzerott Road, Adelphi","3/3/2018 - 3/3/2018, Every day, Daily Average",2275,2023,2558
"186","20001, Northwest Washington, Washington","266","3300 Gumwood Drive, Hyattsville","3/3/2018 - 3/3/2018, Every day, Daily Average",2219,1778,2768
"186","20001, Northwest Washington, Washington","267","3900 Old Silver Hill Road, Suitland, Suitland-Silver Hill","3/3/2018 - 3/3/2018, Every day, Daily Average",1191,912,1553
"186","20001, Northwest Washington, Washington","268","6300 Rosecroft Drive, Fort Washington","3/3/2018 - 3/3/2018, Every day, Daily Average",1292,1027,1624
"186","20001, Northwest Washington, Washington","269","8300 Greensboro Drive, McLean","3/3/2018 - 3/3/2018, Every day, Daily Average",1425,1178,1723
"186","20001, Northwest Washington, Washington","270","5700 Mansfield Drive, Temple Hills","3/3/2018 - 3/3/2018, Every day, Daily Average",1564,1177,2076
"186","20001, Northwest Washington, Washington","271","4900 Essex Avenue, Chevy Chase","3/3/2018 - 3/3/2018, Every day, Daily Average",1688,1441,1977
"186","20001, Northwest Washington, Washington","273","6800 Asset Drive, Landover, 13, Kent, Prince George's County, Maryland, United States, 20785","3/3/2018 - 3/3/2018, Every day, Daily Average",1570,1296,1900
"186","20001, Northwest Washington, Washington","274","2500 Campus Way North, Bowie","3/3/2018 - 3/3/2018, Every day, Daily Average",1689,1352,2109
"186","20001, Northwest Washington, Washington","275","6200 Surrey Square Lane, District Heights","3/3/2018 - 3/3/2018, Every day, Daily Average",1627,1289,2053
"186","20001, Northwest Washington, Washington","276","6000 Kirby Road, Clinton","3/3/2018 - 3/3/2018, Every day, Daily Average",1655,1254,2183
"186","20001, Northwest Washington, Washington","278","4100 31st Street, Mount Rainier","3/3/2018 - 3/3/2018, Every day, Daily Average",1313,1021,1686
"186","20001, Northwest Washington, Washington","279","8800 Colonel Seward Drive, Fort Washington","3/3/2018 - 3/3/2018, Every day, Daily Average",1431,1077,1901
"186","20001, Northwest Washington, Washington","280","5100 Cranmer Way, Capitol Heights","3/3/2018 - 3/3/2018, Every day, Daily Average",1286,960,1721
"186","20001, Northwest Washington, Washington","281","1600 Brightseat Road, Hyattsville","3/3/2018 - 3/3/2018, Every day, Daily Average",1550,1253,1916
"186","20001, Northwest Washington, Washington","282","6200 Springhill Court, Greenbelt","3/3/2018 - 3/3/2018, Every day, Daily Average",1906,1335,2720
"186","20001, Northwest Washington, Washington","283","5900 Cherrywood Lane, Greenbelt","3/3/2018 - 3/3/2018, Every day, Daily Average",2126,1540,2934
"186","20001, Northwest Washington, Washington","284","4700 Annapolis Road, Bladensburg","3/3/2018 - 3/3/2018, Every day, Daily Average",1347,1018,1780
"186","20001, Northwest Washington, Washington","285","8000 New Hampshire Avenue, Hyattsville","3/3/2018 - 3/3/2018, Every day, Daily Average",1748,1438,2124
"186","20001, Northwest Washington, Washington","286","2400 University Boulevard East, Adelphi","3/3/2018 - 3/3/2018, Every day, Daily Average",2044,1563,2672
"186","20001, Northwest Washington, Washington","288","4500 Harvest Road, Camp Springs","3/3/2018 - 3/3/2018, Every day, Daily Average",1478,1194,1828
"186","20001, Northwest Washington, Washington","289","1400 Farmingdale Avenue, Capitol Heights","3/3/2018 - 3/3/2018, Every day, Daily Average",1276,949,1713
"186","20001, Northwest Washington, Washington","290","6000 Sargent Road, Chillum","3/3/2018 - 3/3/2018, Every day, Daily Average",1485,1196,1843
"186","20001, Northwest Washington, Washington","291","5800 31st Place, Hyattsville","3/3/2018 - 3/3/2018, Every day, Daily Average",1761,1443,2148
"186","20001, Northwest Washington, Washington","292","8400 Carrollton Parkway, New Carrollton","3/3/2018 - 3/3/2018, Every day, Daily Average",1251,954,1639
"186","20001, Northwest Washington, Washington","293","Baltimore-Washington Parkway, 2, Bladensburg, Prince George's County, Maryland, United States, 20781","3/3/2018 - 3/3/2018, Every day, Daily Average",1009,725,1403
"186","20001, Northwest Washington, Washington","294","5600 64th Avenue, Riverdale, East Riverdale","3/3/2018 - 3/3/2018, Every day, Daily Average",1311,989,1737
"186","20001, Northwest Washington, Washington","295","4000 Carozza Court, Temple Hills","3/3/2018 - 3/3/2018, Every day, Daily Average",1021,773,1347
"186","20001, Northwest Washington, Washington","296","1700 Ritchie Road, District Heights","3/3/2018 - 3/3/2018, Every day, Daily Average",1781,1486,2133
"186","20001, Northwest Washington, Washington","297","8200 Waterside Court, Fort Washington","3/3/2018 - 3/3/2018, Every day, Daily Average",1041,832,1302
"186","20001, Northwest Washington, Washington","298","6400 61st Place, Riverdale, East Riverdale","3/3/2018 - 3/3/2018, Every day, Daily Average",1346,1005,1802
"186","20001, Northwest Washington, Washington","299","2400 Rosecroft Court, Oxon Hill","3/3/2018 - 3/3/2018, Every day, Daily Average",1437,1104,1869
"186","20001, Northwest Washington, Washington","300","3800 Matthews Drive, Temple Hills","3/3/2018 - 3/3/2018, Every day, Daily Average",1449,1145,1833
"186","20001, Northwest Washington, Washington","301","4900 40th Place, Hyattsville","3/3/2018 - 3/3/2018, Every day, Daily Average",1646,1316,2058
"186","20001, Northwest Washington, Washington","302","Unnamed Road, College Park","3/3/2018 - 3/3/2018, Every day, Daily Average",2072,1549,2769
"186","20001, Northwest Washington, Washington","303","100 Onondaga Drive, Oxon Hill","3/3/2018 - 3/3/2018, Every day, Daily Average",915,742,1126
"186","20001, Northwest Washington, Washington","304","1800 South Club Drive, Landover, Greater Landover","3/3/2018 - 3/3/2018, Every day, Daily Average",1409,1084,1831
"186","20001, Northwest Washington, Washington","305","2800 Crest Avenue, Hyattsville","3/3/2018 - 3/3/2018, Every day, Daily Average",1061,806,1395
"186","20001, Northwest Washington, Washington","306","3800 Kearney Road, Brentwood","3/3/2018 - 3/3/2018, Every day, Daily Average",1369,1068,1754
"186","20001, Northwest Washington, Washington","307","4600 Greenline Court, Suitland, Camp Springs","3/3/2018 - 3/3/2018, Every day, Daily Average",1321,1060,1646
"186","20001, Northwest Washington, Washington","310","3800 Forestville Road, District Heights","3/3/2018 - 3/3/2018, Every day, Daily Average",1764,1359,2288
"186","20001, Northwest Washington, Washington","311","1100 Valley Drive, College Park","3/3/2018 - 3/3/2018, Every day, Daily Average",1831,1343,2494
"186","20001, Northwest Washington, Washington","312","4200 Suitland Road, Suitland-Silver Hill","3/3/2018 - 3/3/2018, Every day, Daily Average",1169,885,1543
"186","20001, Northwest Washington, Washington","313","3900 Livingston Street, Hyattsville","3/3/2018 - 3/3/2018, Every day, Daily Average",1599,1292,1977
"186","20001, Northwest Washington, Washington","315","2400 Brooks Drive, Suitland, Suitland-Silver Hill","3/3/2018 - 3/3/2018, Every day, Daily Average",1442,1111,1869
"186","20001, Northwest Washington, Washington","316","6200 20th Avenue, Hyattsville","3/3/2018 - 3/3/2018, Every day, Daily Average",1609,1268,2040
"186","20001, Northwest Washington, Washington","317","700 Somerset Place, Hyattsville","3/3/2018 - 3/3/2018, Every day, Daily Average",1560,1220,1994
"186","20001, Northwest Washington, Washington","318","6700 Red Top Road, Hyattsville","3/3/2018 - 3/3/2018, Every day, Daily Average",1639,1271,2112
"186","20001, Northwest Washington, Washington","319","1900 Laguna Road, Hyattsville","3/3/2018 - 3/3/2018, Every day, Daily Average",2023,1674,2443
"186","20001, Northwest Washington, Washington","320","2000 Amherst Road, Hyattsville","3/3/2018 - 3/3/2018, Every day, Daily Average",1813,1399,2349
"186","20001, Northwest Washington, Washington","321","4200 Van Buren Street, University Park","3/3/2018 - 3/3/2018, Every day, Daily Average",1867,1450,2402
"186","20001, Northwest Washington, Washington","322","4900 Nicholson Street, Riverdale, Riverdale Park","3/3/2018 - 3/3/2018, Every day, Daily Average",1485,1174,1878
"186","20001, Northwest Washington, Washington","323","Cabiglas Street, Joint Base Andrews","3/3/2018 - 3/3/2018, Every day, Daily Average",1649,1187,2290
"186","20001, Northwest Washington, Washington","325","8500 Pepco Place, Upper Marlboro","3/3/2018 - 3/3/2018, Every day, Daily Average",1594,1251,2029
"186","20001, Northwest Washington, Washington","326","4900 46th Avenue, Hyattsville","3/3/2018 - 3/3/2018, Every day, Daily Average",1482,1131,1940
"186","20001, Northwest Washington, Washington","327","1000 Stratwood Avenue, Oxon Hill","3/3/2018 - 3/3/2018, Every day, Daily Average",1197,915,1565
"186","20001, Northwest Washington, Washington","328","1700 Tucker Road, Fort Washington","3/3/2018 - 3/3/2018, Every day, Daily Average",1471,1082,1998
"186","20001, Northwest Washington, Washington","329","1300 Fenwood Avenue, Oxon Hill","3/3/2018 - 3/3/2018, Every day, Daily Average",1271,954,1691
"186","20001, Northwest Washington, Washington","330","8600 Lancaster Drive, Bethesda","3/3/2018 - 3/3/2018, Every day, Daily Average",2124,1826,2470
"186","20001, Northwest Washington, Washington","331","2100 Jameson Street, Temple Hills","3/3/2018 - 3/3/2018, Every day, Daily Average",1257,984,1604
"186","20001, Northwest Washington, Washington","332","Perrie Lane, Camp Springs","3/3/2018 - 3/3/2018, Every day, Daily Average",1435,1148,1793
"186","20001, Northwest Washington, Washington","333","2000 Hayden Road, Hyattsville","3/3/2018 - 3/3/2018, Every day, Daily Average",1393,1116,1737
"186","20001, Northwest Washington, Washington","334","5900 Fisher Road, Temple Hills","3/3/2018 - 3/3/2018, Every day, Daily Average",1335,1029,1731
"186","20001, Northwest Washington, Washington","335","1500 Southview Drive, Oxon Hill","3/3/2018 - 3/3/2018, Every day, Daily Average",1211,949,1544
"186","20001, Northwest Washington, Washington","336","2700 Keating Street, Hillcrest Heights","3/3/2018 - 3/3/2018, Every day, Daily Average",1229,926,1630
"186","20001, Northwest Washington, Washington","337","2500 Eliot Place, Temple Hills","3/3/2018 - 3/3/2018, Every day, Daily Average",1113,843,1468
"186","20001, Northwest Washington, Washington","338","3400 Randall Road, Suitland, Suitland-Silver Hill","3/3/2018 - 3/3/2018, Every day, Daily Average",1293,999,1672
"186","20001, Northwest Washington, Washington","339","2700 Phelps Avenue, District Heights","3/3/2018 - 3/3/2018, Every day, Daily Average",1953,1536,2482
"186","20001, Northwest Washington, Washington","340","5900 Beech Avenue, Bethesda","3/3/2018 - 3/3/2018, Every day, Daily Average",1841,1514,2237
"186","20001, Northwest Washington, Washington","341","8600 Irvington Avenue, Bradmoor, Bethesda","3/3/2018 - 3/3/2018, Every day, Daily Average",2241,1788,2808
"186","20001, Northwest Washington, Washington","342","6600 Halleck Street, District Heights","3/3/2018 - 3/3/2018, Every day, Daily Average",1692,1208,2368
"186","20001, Northwest Washington, Washington","343","3900 Billings Place, Capitol Heights","3/3/2018 - 3/3/2018, Every day, Daily Average",1158,853,1570
"186","20001, Northwest Washington, Washington","344","5400 Moorland Lane, Bethesda","3/3/2018 - 3/3/2018, Every day, Daily Average",1913,1589,2301
"186","20001, Northwest Washington, Washington","345","8800 Brierly Road, Chevy Chase","3/3/2018 - 3/3/2018, Every day, Daily Average",1991,1671,2371
"186","20001, Northwest Washington, Washington","346","7200 Millwood Court, Bethesda","3/3/2018 - 3/3/2018, Every day, Daily Average",1807,1500,2175
"186","20001, Northwest Washington, Washington","347","7300 Brennon Lane, Chevy Chase","3/3/2018 - 3/3/2018, Every day, Daily Average",1864,1577,2201
"186","20001, Northwest Washington, Washington","348","6900 Ridgewood Avenue, Chevy Chase","3/3/2018 - 3/3/2018, Every day, Daily Average",1802,1465,2215
"186","20001, Northwest Washington, Washington","349","1000 Glacier Avenue, Capitol Heights","3/3/2018 - 3/3/2018, Every day, Daily Average",1420,1066,1890
"186","20001, Northwest Washington, Washington","350","600 Larchmont Avenue, Capitol Heights","3/3/2018 - 3/3/2018, Every day, Daily Average",1625,1318,2002
"186","20001, Northwest Washington, Washington","351","7000 Crail Drive, Bethesda","3/3/2018 - 3/3/2018, Every day, Daily Average",1461,1221,1747
"186","20001, Northwest Washington, Washington","352","5800 Folgate Court, Capitol Heights","3/3/2018 - 3/3/2018, Every day, Daily Average",1697,1397,2061
"186","20001, Northwest Washington, Washington","353","7500 Wildwood Drive, Takoma Park","3/3/2018 - 3/3/2018, Every day, Daily Average",1717,1345,2191
"186","20001, Northwest Washington, Washington","354","200 West Mill Avenue, Pepper Mill Village, Capitol Heights","3/3/2018 - 3/3/2018, Every day, Daily Average",1652,1288,2117
"186","20001, Northwest Washington, Washington","356","0 Montgomery Avenue, Takoma Park","3/3/2018 - 3/3/2018, Every day, Daily Average",1869,1384,2523
"186","20001, Northwest Washington, Washington","357","5900 J Street, Fairmount Heights","3/3/2018 - 3/3/2018, Every day, Daily Average",1377,1068,1775
"186","20001, Northwest Washington, Washington","358","1000 Carrington Avenue, Capitol Heights","3/3/2018 - 3/3/2018, Every day, Daily Average",1535,1249,1885
"186","20001, Northwest Washington, Washington","359","2400 Pinebrook Avenue, Hyattsville","3/3/2018 - 3/3/2018, Every day, Daily Average",1280,955,1714
"186","20001, Northwest Washington, Washington","360","7700 Burnside Road, Hyattsville","3/3/2018 - 3/3/2018, Every day, Daily Average",1504,1179,1918
"186","20001, Northwest Washington, Washington","361","Park Central Road, Riverdale, Greenbelt","3/3/2018 - 3/3/2018, Every day, Daily Average",1364,1037,1792
"186","20001, Northwest Washington, Washington","362","800 Gregorio Drive, Montgomery Knolls, Silver Spring","3/3/2018 - 3/3/2018, Every day, Daily Average",2023,1596,2563
"186","20001, Northwest Washington, Washington","363","9600 Newbridge Drive, Potomac","3/3/2018 - 3/3/2018, Every day, Daily Average",1790,1682,1903
"186","20001, Northwest Washington, Washington","364","8500 Glenville Road, Takoma Park","3/3/2018 - 3/3/2018, Every day, Daily Average",1757,1398,2206
"186","20001, Northwest Washington, Washington","365","9200 Whitney Street, Silver Spring","3/3/2018 - 3/3/2018, Every day, Daily Average",2167,1691,2776
"186","20001, Northwest Washington, Washington","366","600 Thayer Avenue, Silver Spring","3/3/2018 - 3/3/2018, Every day, Daily Average",1964,1600,2410
"186","20001, Northwest Washington, Washington","367","100 Melbourne Avenue, Silver Spring","3/3/2018 - 3/3/2018, Every day, Daily Average",2265,1864,2751
"186","20001, Northwest Washington, Washington","368","600 Ritchie Avenue, Silver Spring","3/3/2018 - 3/3/2018, Every day, Daily Average",2180,1808,2628
"186","20001, Northwest Washington, Washington","369","2400 Lyttonsville Place, Silver Spring","3/3/2018 - 3/3/2018, Every day, Daily Average",2010,1635,2469
"186","20001, Northwest Washington, Washington","370","2000 Linden Lane, Silver Spring","3/3/2018 - 3/3/2018, Every day, Daily Average",1882,1587,2231
"186","20001, Northwest Washington, Washington","371","600 Cappy Avenue, Capitol Heights","3/3/2018 - 3/3/2018, Every day, Daily Average",1888,1487,2395
"186","20001, Northwest Washington, Washington","372","4200 73rd Avenue, Hyattsville","3/3/2018 - 3/3/2018, Every day, Daily Average",1265,1056,1514
"186","20001, Northwest Washington, Washington","374","Cobe Road, Goddard","3/3/2018 - 3/3/2018, Every day, Daily Average",1455,1146,1846
"186","20001, Northwest Washington, Washington","376","8500 Burning Tree Road, Bethesda","3/3/2018 - 3/3/2018, Every day, Daily Average",1554,1276,1891
"186","20001, Northwest Washington, Washington","377","4700 River Road, Riverdale, Riverdale Park","3/3/2018 - 3/3/2018, Every day, Daily Average",1535,1232,1911
"186","20001, Northwest Washington, Washington","378","5600 Newington Road, Bethesda","3/3/2018 - 3/3/2018, Every day, Daily Average",1642,1346,2002
"186","20001, Northwest Washington, Washington","379","4900 Americana Drive, Annandale","3/3/2018 - 3/3/2018, Every day, Daily Average",1527,1158,2013
"186","20001, Northwest Washington, Washington","380","Glenarden Apartment, Glenarden","3/3/2018 - 3/3/2018, Every day, Daily Average",1551,1280,1879
"186","20001, Northwest Washington, Washington","381","3100 Pennsy Drive, Landover, Greater Landover","3/3/2018 - 3/3/2018, Every day, Daily Average",1238,1035,1480
"186","20001, Northwest Washington, Washington","382","9500 Lottsford Road, Upper Marlboro","3/3/2018 - 3/3/2018, Every day, Daily Average",1616,1335,1955
"186","20001, Northwest Washington, Washington","383","400 Warfield Drive, Hyattsville","3/3/2018 - 3/3/2018, Every day, Daily Average",1735,1375,2189
"186","20001, Northwest Washington, Washington","384","9000 Byard Court, Springdale","3/3/2018 - 3/3/2018, Every day, Daily Average",1424,1192,1699
"186","20001, Northwest Washington, Washington","385","Harrison Lane, Hyattsville","3/3/2018 - 3/3/2018, Every day, Daily Average",1367,1135,1645
"186","20001, Northwest Washington, Washington","386","6300 Barrs Lane, Lanham-Seabrook, Lanham","3/3/2018 - 3/3/2018, Every day, Daily Average",1600,1302,1965
"186","20001, Northwest Washington, Washington","387","9200 Crandall Road, Lanham-Seabrook, Lanham, Prince George's County, Maryland, United States, 20706, 1931","3/3/2018 - 3/3/2018, Every day, Daily Average",1699,1337,2157
"186","20001, Northwest Washington, Washington","388","7600 Vicar Street, New Carrollton","3/3/2018 - 3/3/2018, Every day, Daily Average",1326,1118,1571
"186","20001, Northwest Washington, Washington","389","7700 Emerson Road, Hyattsville","3/3/2018 - 3/3/2018, Every day, Daily Average",1319,1092,1592
"186","20001, Northwest Washington, Washington","390","7500 Finns Lane, Lanham-Seabrook, 2, Bladensburg, Prince George's County, Maryland, United States, 20706, 1217","3/3/2018 - 3/3/2018, Every day, Daily Average",1385,1015,1888
"186","20001, Northwest Washington, Washington","391","4800 Trenton Road, Hyattsville","3/3/2018 - 3/3/2018, Every day, Daily Average",1114,848,1463
"186","20001, Northwest Washington, Washington","392","6800 Furman Parkway, Riverdale, Woodlawn","3/3/2018 - 3/3/2018, Every day, Daily Average",1155,891,1495
"186","20001, Northwest Washington, Washington","393","6000 Addison Road, Capitol Heights","3/3/2018 - 3/3/2018, Every day, Daily Average",1498,1221,1837
"186","20001, Northwest Washington, Washington","394","8600 22nd Avenue, Hyattsville","3/3/2018 - 3/3/2018, Every day, Daily Average",2316,2011,2666
"186","20001, Northwest Washington, Washington","395","3800 10th Street North, Virginia Square, Arlington","3/3/2018 - 3/3/2018, Every day, Daily Average",1035,790,1355
"186","20001, Northwest Washington, Washington","396","5000 55th Avenue, Hyattsville","3/3/2018 - 3/3/2018, Every day, Daily Average",1484,1197,1839
"186","20001, Northwest Washington, Washington","397","4300 58th Avenue, Bladensburg","3/3/2018 - 3/3/2018, Every day, Daily Average",1491,1184,1877
"186","20001, Northwest Washington, Washington","398","1200 North Stuart Street, Virginia Square, Arlington","3/3/2018 - 3/3/2018, Every day, Daily Average",977,733,1301
"186","20001, Northwest Washington, Washington","399","3000 Hillside Avenue, Cheverly","3/3/2018 - 3/3/2018, Every day, Daily Average",1173,933,1474
"186","20001, Northwest Washington, Washington","400","6700 Darby Road, Hyattsville","3/3/2018 - 3/3/2018, Every day, Daily Average",1137,869,1486
"186","20001, Northwest Washington, Washington","401","1500 28th Street South, Long Branch Creek, Arlington","3/3/2018 - 3/3/2018, Every day, Daily Average",735,547,987
"186","20001, Northwest Washington, Washington","402","2600 North Sycamore Street, Williamsburg, Arlington","3/3/2018 - 3/3/2018, Every day, Daily Average",1047,821,1334
"186","20001, Northwest Washington, Washington","403","1800 North Randolph Street, Cherrydale, Arlington","3/3/2018 - 3/3/2018, Every day, Daily Average",791,591,1057
"186","20001, Northwest Washington, Washington","404","2100 North Edison Street, High View Park, Arlington","3/3/2018 - 3/3/2018, Every day, Daily Average",1021,808,1288
"186","20001, Northwest Washington, Washington","405","2100 North Kentucky Street, Tara - Leeway Heights, Arlington","3/3/2018 - 3/3/2018, Every day, Daily Average",936,721,1214
"186","20001, Northwest Washington, Washington","406","6000 9th Street North, Dominion Hills, Arlington","3/3/2018 - 3/3/2018, Every day, Daily Average",1069,826,1382
"186","20001, Northwest Washington, Washington","407","500 North Piedmont Street, Ashton Heights, Arlington","3/3/2018 - 3/3/2018, Every day, Daily Average",1055,792,1404
"186","20001, Northwest Washington, Washington","408","1800 North Harvard Street, Lyon Village, Arlington","3/3/2018 - 3/3/2018, Every day, Daily Average",939,710,1240
"186","20001, Northwest Washington, Washington","409","300 Riley Street, Falls Church","3/3/2018 - 3/3/2018, Every day, Daily Average",1314,1101,1567
"186","20001, Northwest Washington, Washington","410","1800 North Quesada Street, East Falls Church, Arlington","3/3/2018 - 3/3/2018, Every day, Daily Average",996,774,1280
"186","20001, Northwest Washington, Washington","411","200 Midvale Street, Falls Church","3/3/2018 - 3/3/2018, Every day, Daily Average",1443,1131,1840
"186","20001, Northwest Washington, Washington","412","600 Jackson Street, Falls Church","3/3/2018 - 3/3/2018, Every day, Daily Average",1244,1023,1511
"186","20001, Northwest Washington, Washington","413","2300 2nd Street South, Penrose, Arlington","3/3/2018 - 3/3/2018, Every day, Daily Average",665,492,898
"186","20001, Northwest Washington, Washington","414","400 South Fairfax Street, Old Town, Alexandria","3/3/2018 - 3/3/2018, Every day, Daily Average",1079,818,1422
"186","20001, Northwest Washington, Washington","415","3700 Camelot Drive, Annandale","3/3/2018 - 3/3/2018, Every day, Daily Average",1919,1285,2864
"186","20001, Northwest Washington, Washington","416","2900 Woodlawn Avenue, Falls Church","3/3/2018 - 3/3/2018, Every day, Daily Average",1470,1200,1799
"186","20001, Northwest Washington, Washington","417","500 Princess Street, Old Town, Alexandria","3/3/2018 - 3/3/2018, Every day, Daily Average",969,745,1258
"186","20001, Northwest Washington, Washington","418","2900 Landover Street, Potomac West, Alexandria","3/3/2018 - 3/3/2018, Every day, Daily Average",1005,804,1254
"186","20001, Northwest Washington, Washington","419","3400 Lake Street, Bailey's Crossroads","3/3/2018 - 3/3/2018, Every day, Daily Average",1197,974,1470
"186","20001, Northwest Washington, Washington","420","7300 Gordons Road, Falls Church","3/3/2018 - 3/3/2018, Every day, Daily Average",1219,983,1510
"186","20001, Northwest Washington, Washington","422","Westbranch Drive, Tysons","3/3/2018 - 3/3/2018, Every day, Daily Average",1454,1131,1867
"186","20001, Northwest Washington, Washington","423","500 Triadelphia Way, Alexandria West, Alexandria","3/3/2018 - 3/3/2018, Every day, Daily Average",880,675,1146
"186","20001, Northwest Washington, Washington","424","5900 Mount Eagle Drive, Alexandria","3/3/2018 - 3/3/2018, Every day, Daily Average",1151,943,1403
"186","20001, Northwest Washington, Washington","425","2300 Senseney Lane, Falls Church","3/3/2018 - 3/3/2018, Every day, Daily Average",1216,990,1493
"186","20001, Northwest Washington, Washington","426","Mohegan Drive, Falls Church","3/3/2018 - 3/3/2018, Every day, Daily Average",1446,1171,1784
"186","20001, Northwest Washington, Washington","428","5500 16th Street North, Tara - Leeway Heights, Arlington","3/3/2018 - 3/3/2018, Every day, Daily Average",896,688,1166
"186","20001, Northwest Washington, Washington","429","800 North Abingdon Street, Bluemont, Arlington","3/3/2018 - 3/3/2018, Every day, Daily Average",1034,803,1330
"186","20001, Northwest Washington, Washington","430","600 North Harrison Street, Bluemont, Arlington","3/3/2018 - 3/3/2018, Every day, Daily Average",1009,780,1304
"186","20001, Northwest Washington, Washington","431","1800 North Ode Street, North Rosslyn, Arlington","3/3/2018 - 3/3/2018, Every day, Daily Average",830,618,1113
"186","20001, Northwest Washington, Washington","432","4200 2nd Road North, Buckingham, Arlington","3/3/2018 - 3/3/2018, Every day, Daily Average",912,695,1195
"186","20001, Northwest Washington, Washington","433","4400 South Pershing Court, Barcroft, Arlington","3/3/2018 - 3/3/2018, Every day, Daily Average",961,721,1280
"186","20001, Northwest Washington, Washington","434","500 North Thomas Street, Buckingham, Arlington","3/3/2018 - 3/3/2018, Every day, Daily Average",1055,814,1366
"186","20001, Northwest Washington, Washington","435","800 South Randolph Street, Alcova Heights, Arlington","3/3/2018 - 3/3/2018, Every day, Daily Average",967,722,1294
"186","20001, Northwest Washington, Washington","436","1300 North Oak Street, Radnor - Fort Myer Heights, Arlington","3/3/2018 - 3/3/2018, Every day, Daily Average",735,586,920
"186","20001, Northwest Washington, Washington","437","1600 North Queen Street, Radnor - Fort Myer Heights, Arlington","3/3/2018 - 3/3/2018, Every day, Daily Average",689,511,928
"186","20001, Northwest Washington, Washington","438","5000 12th Street South, Columbia Forest, Arlington","3/3/2018 - 3/3/2018, Every day, Daily Average",1052,799,1384
"186","20001, Northwest Washington, Washington","439","4200 13th Street South, Douglas Park, Arlington","3/3/2018 - 3/3/2018, Every day, Daily Average",1031,796,1333
"186","20001, Northwest Washington, Washington","440","700 22nd Street South, Aurora Highlands, Arlington","3/3/2018 - 3/3/2018, Every day, Daily Average",769,570,1035
"186","20001, Northwest Washington, Washington","441","2200 12th Court North, Court House, Arlington","3/3/2018 - 3/3/2018, Every day, Daily Average",801,608,1054
"186","20001, Northwest Washington, Washington","442","2000 Key Boulevard, Colonial Village, Arlington","3/3/2018 - 3/3/2018, Every day, Daily Average",903,661,1233
"186","20001, Northwest Washington, Washington","443","2800 11th Street North, Court House, Arlington","3/3/2018 - 3/3/2018, Every day, Daily Average",873,666,1142
"186","20001, Northwest Washington, Washington","444","1500 South Eads Street, Crystal City, Arlington","3/3/2018 - 3/3/2018, Every day, Daily Average",510,363,715
"186","20001, Northwest Washington, Washington","445","4300 29th Street South, Shirlington, Arlington","3/3/2018 - 3/3/2018, Every day, Daily Average",677,509,899
"186","20001, Northwest Washington, Washington","446","6600 Rock Island Road, Springfield","3/3/2018 - 3/3/2018, Every day, Daily Average",1291,968,1721
"186","20001, Northwest Washington, Washington","447","5400 Charlottesville Road, Springfield","3/3/2018 - 3/3/2018, Every day, Daily Average",1040,811,1332
"186","20001, Northwest Washington, Washington","448","4800 Dodson Drive, Annandale","3/3/2018 - 3/3/2018, Every day, Daily Average",1526,1146,2030
"186","20001, Northwest Washington, Washington","449","Wendell Howard Road, Falls Church","3/3/2018 - 3/3/2018, Every day, Daily Average",1534,1243,1891
"186","20001, Northwest Washington, Washington","450","7100 Oak Ridge Road, Falls Church","3/3/2018 - 3/3/2018, Every day, Daily Average",1683,1230,2301
"186","20001, Northwest Washington, Washington","451","3300 Fallowfield Drive, Falls Church","3/3/2018 - 3/3/2018, Every day, Daily Average",1929,1373,2708
"186","20001, Northwest Washington, Washington","452","3800 Dade Drive, Annandale","3/3/2018 - 3/3/2018, Every day, Daily Average",1791,1558,2058
"186","20001, Northwest Washington, Washington","453","3700 MacGregor Court, Annandale","3/3/2018 - 3/3/2018, Every day, Daily Average",1917,1314,2796
"186","20001, Northwest Washington, Washington","454","3400 Monarch Lane, Annandale","3/3/2018 - 3/3/2018, Every day, Daily Average",1465,1266,1695
"186","20001, Northwest Washington, Washington","455","6000 Brook Drive, Falls Church","3/3/2018 - 3/3/2018, Every day, Daily Average",1111,910,1356
"186","20001, Northwest Washington, Washington","456","3300 Garland Drive, Falls Church","3/3/2018 - 3/3/2018, Every day, Daily Average",1093,845,1413
"186","20001, Northwest Washington, Washington","457","8100 Heatherton Lane, Vienna","3/3/2018 - 3/3/2018, Every day, Daily Average",1416,1093,1834
"186","20001, Northwest Washington, Washington","458","4800 Eisenhower Avenue, Landmark, Alexandria","3/3/2018 - 3/3/2018, Every day, Daily Average",1154,880,1512
"186","20001, Northwest Washington, Washington","459","2300 Fairview Terrace, Alexandria","3/3/2018 - 3/3/2018, Every day, Daily Average",1202,957,1509
"186","20001, Northwest Washington, Washington","460","3400 South Utah Street, Shirlington, Arlington","3/3/2018 - 3/3/2018, Every day, Daily Average",782,583,1047
"186","20001, Northwest Washington, Washington","461","Archstone Way, Franconia","3/3/2018 - 3/3/2018, Every day, Daily Average",1226,955,1572
"186","20001, Northwest Washington, Washington","462","Dolley Madison Boulevard, Tysons","3/3/2018 - 3/3/2018, Every day, Daily Average",1302,1025,1653
"186","20001, Northwest Washington, Washington","463","1900 Kennedy Drive, Tysons","3/3/2018 - 3/3/2018, Every day, Daily Average",1372,1039,1810
"186","20001, Northwest Washington, Washington","465","6100 Mc Lendon Court, Alexandria","3/3/2018 - 3/3/2018, Every day, Daily Average",1323,1026,1705
"186","20001, Northwest Washington, Washington","466","5500 Brookland Road, Alexandria","3/3/2018 - 3/3/2018, Every day, Daily Average",1569,1218,2019
"186","20001, Northwest Washington, Washington","467","Franconia-Springfield Parkway, Alexandria","3/3/2018 - 3/3/2018, Every day, Daily Average",1453,1166,1809
"186","20001, Northwest Washington, Washington","468","6000 Woodlake Lane, Alexandria","3/3/2018 - 3/3/2018, Every day, Daily Average",1438,1171,1765
"186","20001, Northwest Washington, Washington","469","3400 Austin Court, Groveton, Alexandria","3/3/2018 - 3/3/2018, Every day, Daily Average",1289,1195,1390
"186","20001, Northwest Washington, Washington","470","300 North Kenmore Street, Ashton Heights, Arlington","3/3/2018 - 3/3/2018, Every day, Daily Average",885,667,1173
"186","20001, Northwest Washington, Washington","471","5700 4th Street South, Glencarlyn, Arlington","3/3/2018 - 3/3/2018, Every day, Daily Average",1015,781,1318
"186","20001, Northwest Washington, Washington","472","0 8th Street South, Arlington Heights, Arlington","3/3/2018 - 3/3/2018, Every day, Daily Average",540,385,757
"186","20001, Northwest Washington, Washington","473","3700 16th Street South, Douglas Park, Arlington","3/3/2018 - 3/3/2018, Every day, Daily Average",885,657,1191
"186","20001, Northwest Washington, Washington","474","3300 Groveton Street, Groveton, Alexandria","3/3/2018 - 3/3/2018, Every day, Daily Average",1458,1186,1792
"186","20001, Northwest Washington, Washington","475","5000 8th Road South, Arlington Mill, Arlington","3/3/2018 - 3/3/2018, Every day, Daily Average",1119,869,1439
"186","20001, Northwest Washington, Washington","476","Four Mile Run Trail, Claremont, Arlington","3/3/2018 - 3/3/2018, Every day, Daily Average",896,694,1156
"186","20001, Northwest Washington, Washington","477","6800 Churchill Road, McLean","3/3/2018 - 3/3/2018, Every day, Daily Average",1288,1136,1459
"186","20001, Northwest Washington, Washington","478","6800 Custis Parkway, Falls Church","3/3/2018 - 3/3/2018, Every day, Daily Average",1276,1050,1549
"186","20001, Northwest Washington, Washington","479","2200 Shirlington Road, Nauck, Arlington","3/3/2018 - 3/3/2018, Every day, Daily Average",595,440,803
"186","20001, Northwest Washington, Washington","480","1400 South Barton Street, Columbia Heights, Arlington","3/3/2018 - 3/3/2018, Every day, Daily Average",809,588,1112
"186","20001, Northwest Washington, Washington","481","2800 South Buchanan Street, Shirlington, Arlington","3/3/2018 - 3/3/2018, Every day, Daily Average",704,535,925
"186","20001, Northwest Washington, Washington","482","1000 Hardee Place, Seminary Hill, Alexandria","3/3/2018 - 3/3/2018, Every day, Daily Average",1140,868,1495
"186","20001, Northwest Washington, Washington","483","2100 Haycock Road, Falls Church","3/3/2018 - 3/3/2018, Every day, Daily Average",1079,848,1371
"186","20001, Northwest Washington, Washington","484","3900 Mount Vernon Avenue, Potomac West, Alexandria","3/3/2018 - 3/3/2018, Every day, Daily Average",870,662,1142
"186","20001, Northwest Washington, Washington","485","5500 Seminary Road, Falls Church","3/3/2018 - 3/3/2018, Every day, Daily Average",1038,783,1375
"186","20001, Northwest Washington, Washington","487","300 East Mount Ida Avenue, Potomac West, Alexandria","3/3/2018 - 3/3/2018, Every day, Daily Average",1041,837,1294
"186","20001, Northwest Washington, Washington","488","1200 Key Drive, Taylor Run, Alexandria","3/3/2018 - 3/3/2018, Every day, Daily Average",1102,847,1432
"186","20001, Northwest Washington, Washington","489","1200 Quaker Hill Drive, Taylor Run, Alexandria","3/3/2018 - 3/3/2018, Every day, Daily Average",1323,1035,1691
"186","20001, Northwest Washington, Washington","490","3100 Holmes Run Road, Falls Church","3/3/2018 - 3/3/2018, Every day, Daily Average",1434,1030,1996
"186","20001, Northwest Washington, Washington","491","6800 Donahue Court, Falls Church","3/3/2018 - 3/3/2018, Every day, Daily Average",1618,1095,2390
"186","20001, Northwest Washington, Washington","492","0 East Mason Avenue, Potomac West, Alexandria","3/3/2018 - 3/3/2018, Every day, Daily Average",1159,936,1433
"186","20001, Northwest Washington, Washington","494","5800 Aspen Wood Court, McLean","3/3/2018 - 3/3/2018, Every day, Daily Average",1001,779,1284
"186","20001, Northwest Washington, Washington","495","2200 Emmett Drive, Alexandria","3/3/2018 - 3/3/2018, Every day, Daily Average",1333,1069,1662
"186","20001, Northwest Washington, Washington","496","4000 Thornton Street, Annandale","3/3/2018 - 3/3/2018, Every day, Daily Average",1639,1241,2163
"186","20001, Northwest Washington, Washington","497","400 Commonwealth Avenue, Potomac West, Alexandria","3/3/2018 - 3/3/2018, Every day, Daily Average",1231,983,1540
"186","20001, Northwest Washington, Washington","498","200 South Reynolds Street, Landmark, Alexandria","3/3/2018 - 3/3/2018, Every day, Daily Average",1062,855,1318
"186","20001, Northwest Washington, Washington","499","200 Yoakum Parkway, Landmark, Alexandria","3/3/2018 - 3/3/2018, Every day, Daily Average",1219,854,1738
"186","20001, Northwest Washington, Washington","500","2000 Eisenhower Avenue, Eisenhower East, Alexandria","3/3/2018 - 3/3/2018, Every day, Daily Average",1273,1011,1601
"186","20001, Northwest Washington, Washington","501","4900 Brenman Park Drive, Landmark, Alexandria","3/3/2018 - 3/3/2018, Every day, Daily Average",1229,966,1563
"186","20001, Northwest Washington, Washington","502","800 South Payne Street, Southwest Quadrant, Alexandria","3/3/2018 - 3/3/2018, Every day, Daily Average",1128,898,1416
"186","20001, Northwest Washington, Washington","503","3300 Old Dominion Boulevard, North Ridge, Alexandria","3/3/2018 - 3/3/2018, Every day, Daily Average",872,705,1077
"186","20001, Northwest Washington, Washington","504","1200 Mount Vernon Trail, Alexandria","3/3/2018 - 3/3/2018, Every day, Daily Average",1305,1026,1658
"186","20001, Northwest Washington, Washington","505","6500 Ashlawn Court, Springfield","3/3/2018 - 3/3/2018, Every day, Daily Average",1097,870,1381
"186","20001, Northwest Washington, Washington","506","4600 Upland Drive, Alexandria","3/3/2018 - 3/3/2018, Every day, Daily Average",1385,1101,1741
"186","20001, Northwest Washington, Washington","507","6100 Bayliss Place, Groveton, Alexandria","3/3/2018 - 3/3/2018, Every day, Daily Average",1297,1054,1595
"186","20001, Northwest Washington, Washington","508","2200 Journet Drive, Dunn Loring","3/3/2018 - 3/3/2018, Every day, Daily Average",1914,1328,2757
"186","20001, Northwest Washington, Washington","509","2900 Bridgehampton Court, Falls Church","3/3/2018 - 3/3/2018, Every day, Daily Average",1761,1374,2256
"186","20001, Northwest Washington, Washington","510","1900 Byrd Road, Vienna","3/3/2018 - 3/3/2018, Every day, Daily Average",1626,1234,2140
"186","20001, Northwest Washington, Washington","511","6100 Willston Drive, Seven Corners","3/3/2018 - 3/3/2018, Every day, Daily Average",1174,920,1497
"186","20001, Northwest Washington, Washington","512","4600 19th Road North, Waverly Hills, Arlington","3/3/2018 - 3/3/2018, Every day, Daily Average",854,648,1124
"186","20001, Northwest Washington, Washington","513","1100 South Arlington Ridge Road, Arlington Ridge, Arlington","3/3/2018 - 3/3/2018, Every day, Daily Average",725,531,988
"186","20001, Northwest Washington, Washington","514","5200 Yorktown Boulevard, Yorktown, Arlington","3/3/2018 - 3/3/2018, Every day, Daily Average",1153,962,1380
"186","20001, Northwest Washington, Washington","515","1400 North Taft Street, Radnor - Fort Myer Heights, Arlington","3/3/2018 - 3/3/2018, Every day, Daily Average",749,562,997
"186","20001, Northwest Washington, Washington","516","2700 South Ives Street, Arlington Ridge, Arlington","3/3/2018 - 3/3/2018, Every day, Daily Average",702,519,948
"186","20001, Northwest Washington, Washington","517","5000 Domain Place, Alexandria West, Alexandria","3/3/2018 - 3/3/2018, Every day, Daily Average",790,589,1058
"186","20001, Northwest Washington, Washington","518","4200 Vacation Lane, Donaldson Run, Arlington","3/3/2018 - 3/3/2018, Every day, Daily Average",761,564,1026
"186","20001, Northwest Washington, Washington","521","7300 Hooking Road, McLean","3/3/2018 - 3/3/2018, Every day, Daily Average",1415,1219,1642
"186","20001, Northwest Washington, Washington","523","4300 Roberts Avenue, Annandale","3/3/2018 - 3/3/2018, Every day, Daily Average",1425,1124,1806
"186","20001, Northwest Washington, Washington","524","4500 Weyburn Drive, Annandale","3/3/2018 - 3/3/2018, Every day, Daily Average",1348,1075,1689
"186","20001, Northwest Washington, Washington","525","5400 Backlick Woods Court, Springfield","3/3/2018 - 3/3/2018, Every day, Daily Average",1262,984,1617
"186","20001, Northwest Washington, Washington","526","4100 Wilson Boulevard, Virginia Square, Arlington","3/3/2018 - 3/3/2018, Every day, Daily Average",1109,865,1420
"186","20001, Northwest Washington, Washington","527","6200 Blossom Lane, Alexandria","3/3/2018 - 3/3/2018, Every day, Daily Average",1459,1196,1778
"186","20001, Northwest Washington, Washington","528","5400 Summer Leaf Lane, Alexandria","3/3/2018 - 3/3/2018, Every day, Daily Average",981,768,1251
"186","20001, Northwest Washington, Washington","529","5800 Oakview Gardens Drive, Bailey's Crossroads","3/3/2018 - 3/3/2018, Every day, Daily Average",1220,959,1551
"186","20001, Northwest Washington, Washington","530","6900 Trillium Lane, West Springfield","3/3/2018 - 3/3/2018, Every day, Daily Average",1343,1125,1602
"186","20001, Northwest Washington, Washington","531","Morven Lane, Alexandria West, Alexandria","3/3/2018 - 3/3/2018, Every day, Daily Average",738,561,969
"186","20001, Northwest Washington, Washington","534","2100 Greenwich Street, Falls Church","3/3/2018 - 3/3/2018, Every day, Daily Average",1129,896,1422
"186","20001, Northwest Washington, Washington","535","7600 Long Pine Drive, Springfield","3/3/2018 - 3/3/2018, Every day, Daily Average",2225,1338,3698
"186","20001, Northwest Washington, Washington","536","6000 Backlick Road, Springfield","3/3/2018 - 3/3/2018, Every day, Daily Average",1163,867,1559
"186","20001, Northwest Washington, Washington","537","1000 Colonial Farm Road, McLean","3/3/2018 - 3/3/2018, Every day, Daily Average",1148,901,1461
"186","20001, Northwest Washington, Washington","538","300 South Whiting Street, Landmark, Alexandria","3/3/2018 - 3/3/2018, Every day, Daily Average",980,760,1263
"186","20001, Northwest Washington, Washington","539","8600 Westwood Center Drive, Vienna","3/3/2018 - 3/3/2018, Every day, Daily Average",1501,1214,1854
"186","20001, Northwest Washington, Washington","541","2500 Washington Boulevard, Lyon Park, Arlington","3/3/2018 - 3/3/2018, Every day, Daily Average",756,573,997
"186","20001, Northwest Washington, Washington","542","1300 Potomac School Road, McLean","3/3/2018 - 3/3/2018, Every day, Daily Average",1100,941,1285
"186","20001, Northwest Washington, Washington","543","3000 Eisenhower Avenue, Eisenhower West, Alexandria","3/3/2018 - 3/3/2018, Every day, Daily Average",1301,1031,1640
"186","20001, Northwest Washington, Washington","544","5400 Inverchapel Road, Springfield","3/3/2018 - 3/3/2018, Every day, Daily Average",1556,1126,2150
"186","20001, Northwest Washington, Washington","545","1900 Storm Drive, Falls Church","3/3/2018 - 3/3/2018, Every day, Daily Average",1223,961,1555
"186","20001, Northwest Washington, Washington","546","Moore Lane, Fort Myer, Arlington","3/3/2018 - 3/3/2018, Every day, Daily Average",614,459,820
"186","20001, Northwest Washington, Washington","547","600 North Owen Street, Seminary Hill, Alexandria","3/3/2018 - 3/3/2018, Every day, Daily Average",860,653,1131
"186","20001, Northwest Washington, Washington","548","1600 Preston Road, North Ridge, Alexandria","3/3/2018 - 3/3/2018, Every day, Daily Average",647,484,864
"186","20001, Northwest Washington, Washington","549","300 North Van Dorn Street, Landmark, Alexandria","3/3/2018 - 3/3/2018, Every day, Daily Average",956,737,1238
"186","20001, Northwest Washington, Washington","550","4300 Raleigh Avenue, Seminary Hill, Alexandria","3/3/2018 - 3/3/2018, Every day, Daily Average",1204,925,1567
"186","20001, Northwest Washington, Washington","551","4700 Kenmore Avenue, Seminary Hill, Alexandria","3/3/2018 - 3/3/2018, Every day, Daily Average",801,613,1045
"186","20001, Northwest Washington, Washington","552","5700 Reading Avenue, Alexandria West, Alexandria","3/3/2018 - 3/3/2018, Every day, Daily Average",985,774,1252
"186","20001, Northwest Washington, Washington","553","4900 Seminary Road, Alexandria West, Alexandria","3/3/2018 - 3/3/2018, Every day, Daily Average",772,584,1020
"186","20001, Northwest Washington, Washington","554","1300 North Beauregard Street, Alexandria West, Alexandria","3/3/2018 - 3/3/2018, Every day, Daily Average",819,619,1082
"186","20001, Northwest Washington, Washington","555","5900 Atteentee Road, Springfield","3/3/2018 - 3/3/2018, Every day, Daily Average",1423,1049,1929
"186","20001, Northwest Washington, Washington","556","7800 Montvale Way, McLean","3/3/2018 - 3/3/2018, Every day, Daily Average",1398,1108,1763
"186","20001, Northwest Washington, Washington","557","8400 Fenwood Drive, West Springfield","3/3/2018 - 3/3/2018, Every day, Daily Average",1481,1125,1948
"186","20001, Northwest Washington, Washington","558","4000 Wheeler Avenue, Seminary Hill, Alexandria","3/3/2018 - 3/3/2018, Every day, Daily Average",1422,1103,1831